minuto;con_dato;incluye_banda;call;put;c_menos_p;spy
09:30;1;1;0;0;0;774.05
09:31;0;0;;;;
09:32;0;0;;;;
09:33;1;1;2714692;3476190;-761498;773.54
09:34;0;0;;;;
09:35;0;0;;;;
09:36;1;1;2761649;3762014;-1000365;773.15
09:37;0;0;;;;
09:38;0;0;;;;
09:39;1;1;3355894;4210723;-854829;773.01
09:40;0;0;;;;
09:41;0;0;;;;
09:42;1;1;4160004;3011903;1148101;773.70
09:43;0;0;;;;
09:44;0;0;;;;
09:45;1;1;2570103;2326882;243221;773.33
09:46;0;0;;;;
09:47;0;0;;;;
09:48;1;1;3806270;10368606;-6562336;772.80
09:49;1;1;30971;36979;-6008;772.70
09:50;0;0;;;;
09:51;0;0;;;;
09:52;1;1;2165869;3568378;-1402509;772.78
09:53;0;0;;;;
09:54;0;0;;;;
09:55;1;1;2404313;2615780;-211467;773.06
09:56;1;0;554844;243610;311234;773.32
09:57;1;0;425550;83673;341877;773.41
09:58;1;1;2515195;2354275;160920;773.31
09:59;1;0;455444;130885;324559;773.62
10:00;1;0;845104;229324;615780;774.03
10:01;1;1;5027758;2265258;2762500;773.98
10:02;1;0;509493;283724;225769;773.89
10:03;1;0;215530;208458;7072;773.90
10:04;1;1;3362379;1602402;1759977;773.87
10:05;1;0;172881;100521;72360;773.95
10:06;1;0;157676;134446;23230;773.85
10:07;1;1;2550381;1293736;1256645;773.75
10:08;1;0;128819;137570;-8751;773.70
10:09;1;0;123456;132871;-9415;773.79
10:10;1;1;2445525;1195341;1250184;773.83
10:11;1;0;149680;82703;66977;773.72
10:12;1;0;149252;79301;69951;773.70
10:13;1;1;1849592;1061479;788113;773.69
10:14;1;0;144198;121272;22926;773.78
10:15;1;1;0;0;0;773.88
10:16;1;0;242075;147905;94170;773.80
10:17;1;0;243569;170278;73291;773.47
10:18;1;1;2411033;1766826;644207;773.55
10:19;1;0;238824;121135;117689;773.63
10:20;1;0;197418;109335;88083;773.80
10:21;1;1;1635699;1391068;244631;773.68
10:22;1;0;214975;116620;98355;773.49
10:23;1;0;199587;116923;82664;773.56
10:24;1;1;941397;1190169;-248772;773.41
10:25;1;0;169586;184656;-15070;773.55
10:26;1;0;176451;87939;88512;773.52
10:27;1;1;1494485;1468357;26128;773.50
10:28;1;0;256782;93622;163160;773.81
10:29;1;0;382626;148285;234341;773.87
10:30;1;1;2102874;1384555;718319;773.52
10:31;1;0;231771;124029;107742;773.56
10:32;1;0;74292;47998;26294;773.57
10:33;1;1;1031506;923674;107832;773.62
10:34;1;0;93236;48105;45131;773.67
10:35;1;0;146268;53300;92968;773.70
10:36;1;1;1012144;654589;357555;773.71
10:37;1;1;102212;121964;-19752;773.41
10:38;1;0;739310;295920;443390;773.35
10:39;1;0;131688;116242;15446;773.35
10:40;1;1;2286518;1838957;447561;773.52
10:41;1;0;135566;84487;51079;773.58
10:42;1;0;121602;141871;-20269;773.53
10:43;1;1;1090843;1506954;-416111;773.41
10:44;1;0;132740;101787;30953;773.37
10:45;1;0;138939;93826;45113;773.58
10:46;1;1;1946141;1241869;704272;773.74
10:47;1;0;84558;81038;3520;773.77
10:48;1;0;333011;168126;164885;773.90
10:49;1;1;2710817;2252766;458051;773.90
10:50;1;0;270983;222412;48571;773.53
10:51;1;0;893047;103716;789331;773.87
10:52;1;1;2144513;1314190;830323;773.98
10:53;1;0;257797;268879;-11082;773.67
10:54;1;0;171749;124800;46949;773.89
10:55;1;1;2197092;1206089;991003;773.79
10:56;1;0;131534;97593;33941;773.70
10:57;1;0;94176;88478;5698;773.73
10:58;1;1;888335;676237;212098;773.71
10:59;1;0;76518;157932;-81414;773.62
11:00;1;0;72564;49698;22866;773.76
11:01;1;1;795547;550791;244756;773.79
11:02;1;0;113090;160809;-47719;773.53
11:03;1;0;183033;100433;82600;773.49
11:04;1;1;1209126;1359938;-150812;773.50
11:05;1;0;184856;211850;-26994;773.28
11:06;1;0;408221;593403;-185182;773.10
11:07;1;1;1661388;2877567;-1216179;773.05
11:08;1;0;174322;607664;-433342;772.88
11:09;1;0;93594;468232;-374638;772.81
11:10;1;1;1847514;2858747;-1011233;772.80
11:11;1;0;162091;542264;-380173;772.75
11:12;1;0;194539;286204;-91665;772.83
11:13;1;1;2035147;2013505;21642;772.61
11:14;1;0;111392;223173;-111781;772.66
11:15;1;0;99883;404593;-304710;772.64
11:16;1;1;1519301;2042910;-523609;772.53
11:17;1;0;127480;374485;-247005;772.49
11:18;1;0;366337;570215;-203878;772.22
11:19;1;1;2505511;3176132;-670621;772.45
11:20;1;0;846945;179278;667667;772.54
11:21;1;0;284685;357379;-72694;772.78
11:22;1;1;2629535;1644009;985526;772.75
11:23;1;0;85467;189914;-104447;772.64
11:24;1;0;297433;275250;22183;772.51
11:25;1;1;1147060;1527106;-380046;772.62
11:26;1;0;122510;103840;18670;772.62
11:27;1;0;112445;117690;-5245;772.46
11:28;1;1;880287;1119705;-239418;772.42
11:29;1;0;73230;102484;-29254;772.40
11:30;1;0;82835;96750;-13915;772.51
11:31;1;1;728027;1136748;-408721;772.36
11:32;1;0;199833;287107;-87274;772.46
11:33;1;0;161459;130685;30774;772.37
11:34;1;1;1382488;3254917;-1872429;771.95
11:35;1;0;366341;946512;-580171;772.01
11:36;1;0;126745;226631;-99886;772.05
11:37;1;1;2001690;3217069;-1215379;771.99
11:38;1;0;64165;200531;-136366;771.99
11:39;1;0;377125;746311;-369186;771.86
11:40;1;1;1280031;2110502;-830471;771.99
11:41;1;0;95929;137029;-41100;771.98
11:42;1;0;741723;628842;112881;772.11
11:43;1;1;1139022;1442100;-303078;772.18
11:44;1;0;158577;87481;71096;772.18
11:45;1;0;84137;129700;-45563;772.09
11:46;1;1;726808;1168265;-441457;771.98
11:47;1;0;243552;1081940;-838388;771.91
11:48;1;0;17536;38237;-20701;772.00
11:49;1;1;92732;126813;-34081;772.00
11:50;1;0;250280;94193;156087;772.23
11:51;1;0;963270;846591;116679;771.93
11:52;1;1;281926;1084150;-802224;771.84
11:53;1;0;80947;304709;-223762;771.79
11:54;1;0;124544;146961;-22417;771.84
11:55;1;1;1061244;1363464;-302220;771.79
11:56;1;0;37529;144369;-106840;771.91
11:57;1;0;56858;73216;-16358;771.86
11:58;1;1;751708;773398;-21690;772.00
11:59;1;0;1108184;720247;387937;772.00
12:00;1;0;351704;104237;247467;772.29
12:01;1;1;1395081;1060486;334595;772.10
12:02;1;0;133333;57197;76136;772.16
12:03;1;0;108323;89619;18704;772.03
12:04;1;1;1058485;868177;190308;772.04
12:05;1;0;264617;120824;143793;772.35
12:06;1;0;230144;108091;122053;772.32
12:07;1;1;1246509;962713;283796;772.26
12:08;1;0;114893;118407;-3514;772.27
12:09;1;0;74608;24879;49729;772.31
12:10;1;1;697754;555587;142167;772.27
12:11;1;0;133869;126004;7865;772.11
12:12;1;0;156036;151193;4843;772.10
12:13;1;1;589343;730263;-140920;772.10
12:14;1;0;151141;215167;-64026;771.96
12:15;1;0;127307;43367;83940;772.14
12:16;1;1;1630044;825502;804542;772.34
12:17;1;0;295592;138470;157122;772.35
12:18;1;0;91462;126956;-35494;772.23
12:19;1;1;1225565;1121858;103707;772.08
12:20;1;0;113025;91098;21927;772.05
12:21;1;0;96185;79560;16625;772.13
12:22;1;1;809652;899216;-89564;772.16
12:23;1;0;149671;75352;74319;772.02
12:24;1;0;2045960;4265953;-2219993;771.71
12:25;1;1;1251177;2326481;-1075304;771.63
12:26;1;0;155333;324179;-168846;771.66
12:27;1;0;139461;219506;-80045;771.88
12:28;1;1;1814482;2130626;-316144;771.67
12:29;1;0;82586;128122;-45536;771.82
12:30;1;0;60475;113997;-53522;771.83
12:31;1;1;1029365;1499937;-470572;771.54
12:32;1;0;62307;258420;-196113;771.50
12:33;1;0;22463;143721;-121258;771.56
12:34;1;1;804942;1501367;-696425;771.56
12:35;1;0;134347;201230;-66883;771.74
12:36;1;0;121568;115546;6022;771.81
12:37;1;1;1183068;1028748;154320;771.91
12:38;1;0;81414;93892;-12478;771.87
12:39;1;0;21199;53638;-32439;771.87
12:40;1;1;1075323;789212;286111;771.74
12:41;1;0;14908;65238;-50330;771.73
12:42;1;0;33309;38493;-5184;771.71
12:43;1;1;599819;699291;-99472;771.58
12:44;1;0;68055;95307;-27252;771.58
12:45;1;0;76139;181733;-105594;771.47
12:46;1;1;757186;1280779;-523593;771.36
12:47;1;0;88319;122895;-34576;771.36
12:48;1;0;98847;179910;-81063;771.37
12:49;1;1;1046659;1883862;-837203;771.43
12:50;1;0;140115;137461;2654;771.38
12:51;1;0;108219;97731;10488;771.45
12:52;1;1;750151;1197836;-447685;771.39
12:53;1;0;60378;143862;-83484;771.33
12:54;1;0;42346;128883;-86537;771.38
12:55;1;1;447408;793456;-346048;771.29
12:56;1;0;149661;426985;-277324;771.20
12:57;1;0;97379;178293;-80914;771.14
12:58;1;1;893472;2123738;-1230266;771.08
12:59;1;0;149380;151455;-2075;771.14
13:00;1;0;201841;272139;-70298;771.02
13:01;1;1;870881;2121437;-1250556;771.07
13:02;1;0;129677;493040;-363363;770.86
13:03;1;0;106655;350370;-243715;770.98
13:04;1;1;1456622;1949765;-493143;770.79
13:05;1;0;155034;249033;-93999;770.84
13:06;1;0;1256000;864760;391240;771.03
13:07;1;1;1154037;1767158;-613121;770.98
13:08;1;0;283311;189186;94125;770.91
13:09;1;0;57191;184787;-127596;770.88
13:10;1;1;728028;1273557;-545529;770.78
13:11;1;0;151579;498182;-346603;770.55
13:12;1;0;113108;331465;-218357;770.47
13:13;1;1;1199083;4071130;-2872047;770.47
13:14;1;0;126104;313767;-187663;770.33
13:15;1;0;97509;203562;-106053;770.45
13:16;1;1;878921;2174784;-1295863;770.37
13:17;1;0;262250;257325;4925;770.64
13:18;1;0;212036;169068;42968;770.68
13:19;1;1;1339613;1697669;-358056;770.75
13:20;1;0;128599;132490;-3891;770.74
13:21;1;0;244975;298214;-53239;770.94
13:22;1;1;1697785;1568304;129481;770.73
13:23;1;0;93599;207549;-113950;770.75
13:24;1;0;133525;71088;62437;770.90
13:25;1;1;1060392;1132700;-72308;770.75
13:26;1;0;83727;144320;-60593;770.80
13:27;1;0;58009;100991;-42982;770.73
13:28;1;1;758704;826158;-67454;770.88
13:29;1;0;141144;108840;32304;770.85
13:30;1;0;54524;99065;-44541;770.81
13:31;1;1;629137;961124;-331987;770.77
13:32;1;0;37295;64846;-27551;770.73
13:33;1;0;84010;70207;13803;770.80
13:34;1;1;415761;460968;-45207;770.94
13:35;1;0;5694262;2559773;3134489;771.04
13:36;1;0;158678;93983;64695;771.01
13:37;1;1;1960831;1248298;712533;770.94
13:38;1;0;159264;140110;19154;770.78
13:39;1;0;79369;66772;12597;770.88
13:40;1;1;1107010;894478;212532;771.00
13:41;1;0;299755;425666;-125911;771.14
13:42;1;0;437481;82619;354862;771.26
13:43;1;1;1556200;846065;710135;771.21
13:44;1;0;98693;30052;68641;771.27
13:45;1;0;114319;119765;-5446;771.21
13:46;1;1;711429;880074;-168645;771.23
13:47;1;0;78507;93510;-15003;771.25
13:48;1;0;347544;110120;237424;771.31
13:49;1;1;795607;715513;80094;771.17
13:50;1;0;58933;78089;-19156;771.25
13:51;1;0;51727;80139;-28412;771.22
13:52;1;1;439672;495859;-56187;771.26
13:53;1;0;45604;84819;-39215;771.25
13:54;1;0;155539;115340;40199;771.30
13:55;1;1;409842;310740;99102;771.24
13:56;1;0;165465;135801;29664;771.15
13:57;1;0;108583;93419;15164;771.14
13:58;1;1;531835;534665;-2830;771.26
13:59;1;0;80619;78074;2545;771.23
14:00;1;0;109322;126530;-17208;771.16
14:01;1;1;399478;522578;-123100;771.05
14:02;1;0;1325868;2203081;-877213;770.98
14:03;1;0;306220;451353;-145133;771.11
14:04;1;1;756213;1586816;-830603;771.07
14:05;1;0;309389;242332;67057;771.00
14:06;1;0;164272;662242;-497970;770.76
14:07;1;1;732271;1320762;-588491;770.83
14:08;1;0;51827;194219;-142392;770.73
14:09;1;0;60256;179584;-119328;770.69
14:10;1;1;646245;1071970;-425725;770.75
14:11;1;0;96624;116288;-19664;770.85
14:12;1;0;99894;111100;-11206;770.78
14:13;1;1;497841;643434;-145593;770.78
14:14;1;0;41059;30721;10338;770.84
14:15;1;0;89388;74684;14704;770.79
14:16;1;1;361723;668473;-306750;770.73
14:17;1;0;103341;121337;-17996;770.66
14:18;1;0;87785;114368;-26583;770.73
14:19;1;1;849554;657347;192207;770.75
14:20;1;0;203746;303576;-99830;770.52
14:21;1;0;73718;277306;-203588;770.42
14:22;1;1;601124;1688083;-1086959;770.41
14:23;1;0;155759;276713;-120954;770.31
14:24;1;0;156603;191421;-34818;770.49
14:25;1;1;707262;1025581;-318319;770.55
14:26;1;0;79092;114117;-35025;770.38
14:27;1;0;474038;416265;57773;770.11
14:28;1;1;693968;3228148;-2534180;769.89
14:29;1;0;93538;881403;-787865;769.50
14:30;1;0;309128;479101;-169973;769.81
14:31;1;1;1775567;2743156;-967589;769.97
14:32;0;0;;;;
14:33;0;0;;;;
14:34;0;0;;;;
14:35;0;0;;;;
14:36;1;1;0;0;0;770.11
14:37;1;0;145789;181708;-35919;770.01
14:38;1;0;174514;344979;-170465;770.00
14:39;1;1;887337;1301422;-414085;770.01
14:40;1;0;79064;325867;-246803;769.84
14:41;1;0;65676;306122;-240446;769.68
14:42;1;1;767643;1695605;-927962;769.84
14:43;1;0;39128;128725;-89597;769.82
14:44;1;0;67725;129632;-61907;769.79
14:45;1;1;971791;1454021;-482230;769.92
14:46;1;0;144400;87807;56593;769.96
14:47;1;0;1226115;825123;400992;769.99
14:48;0;0;;;;
14:49;1;1;0;0;0;770.34
14:50;1;0;338219;71646;266573;770.24
14:51;1;0;225975;112126;113849;770.27
14:52;1;1;823733;1123781;-300048;770.36
14:53;1;0;290477;146102;144375;770.30
14:54;1;0;116753;52650;64103;770.37
14:55;1;1;863412;970634;-107222;770.28
14:56;1;0;325442;98964;226478;770.19
14:57;1;0;131400;127946;3454;770.33
14:58;1;1;577375;729912;-152537;770.13
14:59;1;0;70788;123847;-53059;770.08
15:00;1;0;121039;345753;-224714;769.98
15:01;1;1;578493;811776;-233283;769.99
15:02;1;0;39421;47595;-8174;770.09
15:03;1;0;95345;58651;36694;770.10
15:04;1;1;208734;234273;-25539;770.10
15:05;1;0;223288;59100;164188;770.08
15:06;1;0;55544;79906;-24362;770.03
15:07;1;1;209426;580722;-371296;769.89
15:08;1;0;15643;116857;-101214;769.97
15:09;1;0;50920;82469;-31549;770.08
15:10;1;1;403803;498558;-94755;770.18
15:11;1;0;101211;56558;44653;770.25
15:12;1;0;64566;51916;12650;770.20
15:13;1;1;971112;683262;287850;770.35
15:14;1;0;71875;86440;-14565;770.24
15:15;1;0;60543;78032;-17489;770.21
15:16;1;1;514013;582015;-68002;770.33
15:17;1;0;244087;52552;191535;770.26
15:18;1;0;85922;43184;42738;770.38
15:19;1;1;784944;618675;166269;770.44
15:20;1;0;158034;33096;124938;770.44
15:21;1;0;138321;37402;100919;770.52
15:22;1;1;606053;477962;128091;770.50
15:23;1;0;214442;93549;120893;770.54
15:24;1;0;252798;59155;193643;770.64
15:25;1;1;799802;532312;267490;770.62
15:26;1;0;77449;52764;24685;770.57
15:27;1;0;77298;118389;-41091;770.52
15:28;1;1;374182;435435;-61253;770.66
15:29;1;0;138162;67575;70587;770.63
15:30;1;0;276619;136415;140204;770.69
15:31;1;1;907755;486959;420796;770.78
